barcode	status	assignment	log_prob_singleton	log_prob_doublet	cluster0	cluster1	cluster2
AAGACTCCACTTCAAG-1	singlet	0	-564.8085395450837	-831.2168816162272	-564.8085395450837	-2823.796250223002	-2270.9749097067406
AAGTGAAAGTACAGAT-1	singlet	1	-314.369849801675	-448.82876676597715	-6533.737926692766	-314.369849801675	-1034.602753492138
AATCGACCAGTAACCT-1	singlet	0	-524.1013926902908	-753.3338020060679	-524.1013926902908	-1995.4768455993965	-1938.042457451193
ACACAGTTCCGCTTAC-1	singlet	0	-663.1819443178125	-1108.162973885372	-663.1819443178125	-3942.6621767081915	-3343.6872602284348
ACATTTCCAATATCCG-1	singlet	1	-316.9062652925645	-444.2864949934342	-1875.401500782104	-316.9062652925645	-1001.1898988773213
ACCACAACAATTGCAC-1	doublet	0/2	-399.8799141421889	-318.0464289055635	-399.8799141421889	-513.2374947961213	-476.52838573763063
ACGTAGTAGTCTAGCT-1	singlet	1	-355.1480162949881	-393.15926940630374	-957.9510854766322	-355.1480162949881	-765.3331795849663
ACTTCCGAGTCAGCCC-1	singlet	2	-170.2895444252803	-190.67882572958328	-273.1353303212612	-266.56628920102696	-170.2895444252803
ACTTTCATCACACGAT-1	singlet	0	-482.39260450320006	-731.0470974997404	-482.39260450320006	-2375.693589415929	-2094.8785822695186
AGAAGCGGTCCTACAA-1	singlet	2	-116.04544197823051	-169.11307349389193	-267.6729286209834	-437.1904806132218	-116.04544197823051
AGACAAACATGTCGTA-1	singlet	1	-623.6781020965266	-936.0009127672986	-3872.0018897043774	-623.6781020965266	-2139.337238547859
AGATGAAGTTCGTAAC-1	doublet	2/0	-1397.1214997996826	-1125.775318816402	-1474.7156186521634	-1868.8075286879705	-1397.1214997996826
AGCGCTGTCGCGGACT-1	singlet	2	-496.45560573699186	-867.4448788991206	-1768.0063184077248	-1517.5319096276976	-496.45560573699186
AGCTACACACTCTGCT-1	singlet	1	-530.4271842444485	-771.472337577265	-4070.018087209102	-530.4271842444485	-1762.859209493791
AGGTAGGTCCCTCTTT-1	singlet	2	-351.4449876723906	-574.1656288752708	-1205.8127791916538	-991.5549335893636	-351.4449876723906
AGTAACCAGGTAGACC-1	singlet	2	-675.1488451378276	-1235.2284460316478	-8062.558601580563	-2540.0381484953123	-675.1488451378276
AGTAGCTCACTACCGG-1	singlet	2	-145.67289699976405	-179.79359316162467	-310.4583784548201	-432.21189167976775	-145.67289699976405
AGTTCCCTCATTTCCA-1	singlet	0	-149.8709306782354	-185.24903073562604	-149.8709306782354	-571.8339582616152	-400.44735125062164
ATAGGCTAGCCTCATA-1	singlet	1	-39.2137982448745	-70.57824424245167	-333.9536815817405	-39.2137982448745	-253.68807712532788
ATCACAGAGGGTTAAT-1	singlet	1	-260.21995292970934	-351.0396367406391	-1692.364501765928	-260.21995292970934	-738.6232297592671
ATCCCTGAGGATATAC-1	singlet	1	-72.80207378618903	-74.40285715861972	-229.41635132015838	-72.80207378618903	-201.48554858051938
ATCCTATTCAGCATTG-1	singlet	0	-366.8328666452568	-573.1227556593311	-366.8328666452568	-1818.6990079081866	-1626.240183949527
ATCGTAGCAGCTTTCC-1	singlet	1	-502.56646385616426	-678.4822171291844	-3818.198654062277	-502.56646385616426	-1518.1311278203214
ATCTCTAGTCTACAGT-1	singlet	1	-692.6119854679928	-940.0049285857166	-7495.985268186575	-692.6119854679928	-2033.3439416660633
ATGGGTTCAGACCGCT-1	singlet	0	-1041.0895449123554	-2813.947897066693	-1041.0895449123554	-10399.118924323271	-8759.137366807981
ATTCCTAAGGAAAGGT-1	singlet	0	-217.86570124225787	-308.70277295166386	-217.86570124225787	-934.6734555989599	-811.9571392964804
ATTCCTACAACAAGAT-1	singlet	0	-168.65740103122735	-212.92889832719206	-168.65740103122735	-808.5033224231502	-632.6071253504095
CAATTTCTCGAGCCTG-1	singlet	1	-640.9346946297296	-900.8482003999392	-5350.860573956968	-640.9346946297296	-2079.2555953509727
CACTGGGTCTCCCTAG-1	doublet	0/2	-391.84687546969246	-324.00846076945123	-391.84687546969246	-639.6597417153632	-525.3768803931408
CAGCCAGCAAGCGAAC-1	singlet	1	-682.7121939815199	-933.3210340254602	-2730.027575165097	-682.7121939815199	-1979.1005273082135
CATGCAAAGAAGCTGC-1	singlet	0	-118.50925028193832	-175.64383020729437	-118.50925028193832	-540.4423488173593	-541.6617140554744
CCCATTGGTAACGGTG-1	singlet	1	-180.64568145420628	-230.49073000008238	-694.8481371098593	-180.64568145420628	-459.79954693817785
CCTCTAGTCATTGCTT-1	singlet	2	-78.95496246046949	-123.28315965583147	-220.79281519994356	-258.793887838627	-78.95496246046949
CCTGCATAGTTACGAA-1	singlet	2	-50.26241852707995	-64.85627019617687	-102.70133067801251	-114.28510490880876	-50.26241852707995
CCTTCAGGTTAAACCC-1	singlet	1	-602.3666042702376	-865.9486287548333	-4762.994087283805	-602.3666042702376	-1940.1791278250741
CGAGTTAAGCAGGGAG-1	singlet	0	-362.69965725044887	-692.7041842018707	-362.69965725044887	-2548.9359888318654	-2293.522505068892
CGGAGAACAGATGCGA-1	doublet	1/2	-155.73726976141572	-141.98943953238268	-1594.801076100219	-155.73726976141572	-229.28767552500014
CGTGATACAGATTCGT-1	singlet	2	-569.9866207273842	-1041.5077016172663	-4171.1748953486285	-2015.6727023770566	-569.9866207273842
CGTTGGGAGGGAGGGT-1	singlet	1	-432.7717789749616	-598.9673669679281	-5683.664545765494	-432.7717789749616	-1327.4444397290995
CTAAGTGTCCGTAATG-1	singlet	1	-662.8940045775382	-939.3233787434037	-2896.3941664588174	-662.8940045775382	-1994.479362573871
CTCAGTCAGTAGCAAT-1	singlet	2	-283.45692944032623	-488.95023814381085	-1291.058947199998	-930.5346392002882	-283.45692944032623
CTCATTACAAACACGG-1	singlet	1	-383.43825935536205	-527.8870466311682	-1608.0600636688341	-383.43825935536205	-1157.4613591048926
CTCCACACAAGCCTGC-1	doublet	0/2	-263.17362565834816	-227.04101070044277	-263.17362565834816	-480.8428737306855	-412.1428034882989
CTCCTCCGTCAGCTTA-1	doublet	0/2	-347.5689742113559	-244.0189889041793	-347.5689742113559	-459.55554019837405	-367.7432314866593
CTGCATCTCTCACCCA-1	doublet	1/0	-621.5661641628092	-559.3736730687763	-1029.324740234145	-621.5661641628092	-874.0158314409614
CTGCCTACAACAAGTA-1	singlet	1	-195.22066430820786	-251.45333373311104	-606.1718078486279	-195.22066430820786	-516.0293454854227
CTGCCTACAACAGTGG-1	doublet	0/2	-289.0703437697126	-231.37331210685406	-289.0703437697126	-463.9998621030935	-403.7965179875971
CTGTCGTGTGAGACGT-1	singlet	1	-82.91074964093058	-101.83320883003165	-272.92795432993097	-82.91074964093058	-210.22014385127312
CTTCTCTCACTCAGAT-1	singlet	1	-733.7405157095549	-1056.0913133089243	-7192.941651730695	-733.7405157095549	-2405.7803452984426
GACCTTCTCATATGGC-1	singlet	1	-279.06413999721497	-367.7810841885172	-2537.138162861832	-279.06413999721497	-780.0355253640383
GACGTTATCAGGTAAA-1	singlet	0	-716.4856781493811	-1190.3345384674888	-716.4856781493811	-4337.483121663394	-3489.5083305188814
GACGTTATCCGTGGGT-1	singlet	2	-401.0368215831555	-638.5817178681973	-2834.679613121539	-1210.9555786464769	-401.0368215831555
GAGGCCTCACAACGCC-1	doublet	0/2	-344.9026723625469	-273.926088151737	-344.9026723625469	-498.28067842971814	-429.7770439966461
GATGGAGCATCTTAGG-1	singlet	2	-727.8160399210452	-1351.941808467206	-4749.7385148276335	-2627.4046573162377	-727.8160399210452
GCAGCCAAGCGGTAAC-1	singlet	1	-637.7864088219333	-961.8937403871396	-4727.931691125702	-637.7864088219333	-2153.6650243604427
GCAGCTGCAGTCTCTC-1	singlet	0	-396.2126124964706	-583.021491730678	-396.2126124964706	-1833.4883340051706	-1632.1755274430404
GCGGAAACATGACGAG-1	singlet	0	-861.2867771084668	-1645.5992709178097	-861.2867771084668	-5907.363702807456	-5091.396770094225
GCTGAATAGAAGTCAT-1	singlet	0	-563.434358783103	-950.8162304573966	-563.434358783103	-2881.5679243848167	-2869.2624214922953
GGTAATCTCCGTGTCT-1	singlet	0	-885.2151818134021	-1379.9905803283577	-885.2151818134021	-4512.506315972811	-3777.8588558347556
GGTAGAGGTATGGAGC-1	singlet	2	-476.41824527631127	-775.2989486173378	-4790.983032745766	-1539.4674442116539	-476.41824527631127
GGTGTCGAGTGTTCCA-1	singlet	0	-94.77654460342973	-102.08967057367303	-94.77654460342973	-271.8652921536902	-176.95907459771604
GGTTAACAGGTATAGT-1	singlet	0	-897.8191709290026	-2347.1071656100253	-897.8191709290026	-8787.03337262545	-7379.17640479009
GTAACACCAAGCTACT-1	singlet	1	-312.19349573593416	-371.0445843598937	-1050.0240714866475	-312.19349573593416	-651.4446324282856
GTAACCATCATCTGTT-1	doublet	0/1	-740.2426950934796	-623.4185767197218	-817.558961678481	-817.6344762836164	-740.2426950934796
GTAAGTCAGCCTCCAG-1	singlet	1	-58.40741720150973	-68.0465628661739	-231.0337523014968	-58.40741720150973	-120.4550176722774
GTAATGCTCGGTGTAT-1	singlet	1	-512.4677361770922	-690.7812780910926	-1884.7609327862224	-512.4677361770922	-1458.3537691657448
GTCTCACAGCACGATG-1	singlet	1	-107.57590079277388	-165.9699642159542	-2271.104761734002	-107.57590079277388	-447.3707302008501
GTGAGGAGTGGTAATA-1	singlet	1	-564.4919032233303	-827.4534042274026	-2927.4652329853625	-564.4919032233303	-1827.397998993052
GTTCGCTCAGGCATTT-1	singlet	0	-599.6676713118172	-1002.6410602496228	-599.6676713118172	-3434.7563007330373	-2952.8956030267423
TAACTTCCATCGAAGG-1	doublet	1/2	-242.91569224370411	-195.62464176811108	-358.1536788458722	-242.91569224370411	-284.75832496895623
TAATTCCAGTTGCGCC-1	singlet	2	-203.887805841591	-333.1453265301981	-908.2288619534443	-635.7712715939081	-203.887805841591
TACTGCCGTGCTATTG-1	singlet	1	-517.1906209021263	-755.672664446992	-5850.245395651022	-517.1906209021263	-1639.6549701039812
TATCGCCAGGGCGAGA-1	singlet	1	-114.54037909220763	-145.878627052765	-1561.0828906310296	-114.54037909220763	-311.2536301407431
TATTTCGCACCTGAAT-1	singlet	1	-655.132549487734	-910.0812064103937	-2595.635142942943	-655.132549487734	-1928.322546921906
TCATGAGTCGAACTCA-1	singlet	2	-845.9358633923314	-1655.417132460578	-4908.855442147195	-3315.048620120151	-845.9358633923314
TCATTGTCATTGCCGG-1	singlet	1	-180.7652691380105	-213.53493153465772	-723.2071353805482	-180.7652691380105	-412.1710170315283
TCGACCTCAATGTCTG-1	doublet	1/2	-2257.4319710951754	-1584.7539139352139	-3258.79660215119	-2257.4319710951754	-2298.9021811578787
TCGCACTTCATCACCC-1	singlet	2	-651.6664739600756	-1190.9735728434728	-4695.849988202905	-2205.8149399376416	-651.6664739600756
TCGGGCAGTAGCTCGC-1	singlet	1	-180.61398278060497	-247.22132099990878	-644.4323406983069	-180.61398278060497	-547.1717604675529
TCTGTCGAGGTTCTTG-1	singlet	1	-58.640342719090256	-95.92178985689276	-332.19973895524504	-58.640342719090256	-297.52485381187955
TCTTAGTTCGGAACTT-1	singlet	2	-445.71391541429057	-828.073174712728	-2097.659564726615	-1742.366609082182	-445.71391541429057
TGCATCCCAAACTAAG-1	singlet	0	-727.5904113862675	-1478.6071698562178	-727.5904113862675	-5096.805220917989	-4694.209050551356
TGGTTAGTCAAAGACA-1	singlet	0	-885.4678558391292	-1559.5534868453954	-885.4678558391292	-4925.619123839589	-4572.14546567814
TGTGATGCATTCCTCG-1	singlet	1	-350.0350395197072	-480.5709445788055	-2016.46233824267	-350.0350395197072	-1126.1346473256667
TTCATGTAGCACTTTG-1	singlet	0	-513.9016276892304	-611.3389018616318	-513.9016276892304	-1732.954829226425	-1392.5228103638951
TTCATTGAGGTTCATC-1	singlet	1	-486.94770191187297	-676.7966873857063	-3020.690994598245	-486.94770191187297	-1517.414347091639
TTCCGTGAGTGTACAA-1	singlet	1	-107.74600150399233	-132.99058323792588	-420.09800679202374	-107.74600150399233	-333.88836244112
TTCTTGACAGTATACC-1	singlet	1	-156.45826613089778	-187.1238058035017	-475.4456131183591	-156.45826613089778	-397.26538777959433
TTGGGCGCAGTCGAGA-1	singlet	0	-165.71683706508327	-218.49871837468393	-165.71683706508327	-775.2190070764318	-534.4407556596449
TTTGACTCAGTATACC-1	singlet	2	-537.3013892793144	-553.6289758216114	-815.3986770292574	-740.9717607456308	-537.3013892793144
