barcode	status	assignment	log_prob_singleton	log_prob_doublet	cluster0	cluster1
AAATGGAAGTCCCAGC-1	singlet	0	-160.8196077535353	-177.91949737963688	-160.8196077535353	-255.23976034823852
AAATGGATCAACCTCC-1	unassigned	1/0	-183.28362473018905	-182.74194825174237	-270.86380676063607	-183.28362473018905
AACAAAGAGGCATTTC-1	singlet	0	-177.8395878891331	-204.85991083406094	-177.8395878891331	-312.9976759125887
AACACACCAAGCGCAA-1	singlet	0	-176.38185637140685	-213.66650774230095	-176.38185637140685	-332.05039487165266
AACGAAAGTGAACCGA-1	singlet	0	-163.77888750241334	-183.71518001172495	-163.77888750241334	-254.22010669526287
AAGATAGAGAACCGCA-1	singlet	0	-126.20326349584104	-144.01740654708541	-126.20326349584104	-208.6812281459142
AATAGAGGTCACTTAG-1	singlet	0	-282.4162257420623	-331.741110536033	-282.4162257420623	-503.3293233109533
AATGACCGTGGCTAGA-1	singlet	0	-114.20696185764831	-116.89135964762778	-114.20696185764831	-160.33902934900564
ACAAGCTTCCACACCT-1	singlet	1	-356.04709662534356	-494.9543339363785	-935.4399647310512	-356.04709662534356
ACAAGCTTCCCTTGGT-1	singlet	0	-227.07275059947665	-269.9101214285085	-227.07275059947665	-401.3558214211279
ACATCCCCAGCTATAC-1	singlet	1	-526.992371240889	-880.3722601742473	-1663.2087067911941	-526.992371240889
ACCAAACCAAGCTGCC-1	singlet	0	-203.17809007989644	-224.78046478110434	-203.17809007989644	-306.7156764557815
ACGATCATCCACCTCA-1	doublet	1/0	-156.67191138278227	-136.10485621541244	-180.61150507671556	-156.67191138278227
ACGCACGCACTCCGAG-1	singlet	0	-194.38386350577974	-233.65159926698507	-194.38386350577974	-355.74159615335657
ACGTAACTCCATTTAC-1	doublet	1/0	-201.72719956854684	-168.2653031161319	-213.1202556671902	-201.72719956854684
ACGTAGTCAGGTGTTT-1	singlet	0	-165.61228083046407	-170.22685035858476	-165.61228083046407	-248.42815101151803
AGACAGGCAAGAGGTC-1	singlet	0	-139.6275364094892	-149.0705713851027	-139.6275364094892	-204.58427320088606
AGATAGATCTATCGGA-1	singlet	0	-80.82384525265167	-89.48488132135905	-80.82384525265167	-127.91430710004046
AGTCATGCACCTGCAG-1	unassigned	0/1	-136.92385664037528	-135.55325400939785	-136.92385664037528	-180.79543502567327
ATCACTTAGTAGCCAG-1	singlet	0	-129.16303542818542	-131.06214329662345	-129.16303542818542	-186.53409066747625
ATCACTTTCAACCTCC-1	singlet	0	-158.3159221797062	-160.11656146195872	-158.3159221797062	-201.9141750552967
ATCCGTCTCCCTCGTA-1	singlet	0	-129.69604490465676	-134.38585344019654	-129.69604490465676	-185.10030094092306
ATCGATGAGGCCTGCT-1	singlet	0	-192.79002681414067	-214.5248440286204	-192.79002681414067	-309.1079613210495
ATCGCCTTCTGAGTCA-1	singlet	0	-584.6251311985912	-693.4379331848725	-584.6251311985912	-1021.742602707739
ATGAGTCTCCTTATAC-1	singlet	0	-134.77510421578057	-158.21433388956115	-134.77510421578057	-231.4950839137591
ATTCCTACATCTTCGC-1	doublet	1/0	-192.37900712183455	-165.2790412360384	-208.39148928037991	-192.37900712183455
ATTTCACAGAATGTTG-1	singlet	0	-183.4747199509594	-186.494846244725	-183.4747199509594	-270.5095215447613
CAACGGCTCTTGGCTC-1	singlet	0	-100.5649029338127	-110.34043755251331	-100.5649029338127	-159.59018393592177
CACCAAACACCCATAA-1	singlet	0	-260.622423179141	-310.19959439583226	-260.622423179141	-462.8971992149688
CACGGGTGTGTAGCAG-1	singlet	1	-489.32758932191973	-825.8396222154308	-1684.542102645257	-489.32758932191973
CACTAAGGTGAAGCTG-1	singlet	0	-194.43682757751455	-235.46827738395058	-194.43682757751455	-372.2081467959722
CAGATACGTACTTCCC-1	singlet	0	-199.75117672395328	-236.50195366032307	-199.75117672395328	-359.1643293701238
CAGTTCCTCTACCAGA-1	singlet	0	-83.4759089029437	-95.68571917602802	-83.4759089029437	-148.87594674161693
CATCAAGTCATACGAC-1	singlet	0	-152.06705063402592	-169.88937257137695	-152.06705063402592	-242.32353474033513
CATCCGTGTTCCTACC-1	singlet	0	-95.36052569288864	-108.68838398648717	-95.36052569288864	-157.1969026259286
CATTCATGTCGATTCA-1	singlet	1	-364.37030432932687	-544.1839253054956	-998.749787912517	-364.37030432932687
CATTCCGTCCATCGTC-1	doublet	0/1	-135.01698709232807	-125.27323662408378	-135.01698709232807	-146.04163790950813
CATTCTAGTACCCGAC-1	singlet	0	-133.080257126748	-144.77053425543767	-133.080257126748	-203.73405079085998
CCACACTCACTACTTT-1	singlet	0	-151.74076502442858	-176.0023750586799	-151.74076502442858	-257.40696526958016
CCACCATAGCCTGCCA-1	doublet	0/1	-197.18084781522822	-157.04698369040543	-197.18084781522822	-198.9320787936869
CCCTGATGTAGCTTAC-1	singlet	0	-306.7764299573512	-374.6899521579267	-306.7764299573512	-592.3194688828798
CCTCCAAGTAGCTTAC-1	singlet	0	-104.7395775429498	-115.99328061783035	-104.7395775429498	-165.6055771217949
CCTCCTCTCAAGTGTC-1	singlet	0	-175.15285359099494	-197.6081783230208	-175.15285359099494	-296.69797670290745
CCTGCATTCTCCTGCA-1	singlet	0	-176.3074062827756	-197.5424559097619	-176.3074062827756	-293.03719852635277
CGAGGCTCAACCGCCA-1	singlet	0	-138.89021831229834	-161.56897308112988	-138.89021831229834	-237.00724673196208
CGAGTTAGTATGCTTG-1	singlet	0	-130.0661723217129	-149.63746957024796	-130.0661723217129	-230.57312209758572
CGGACACAGCCTTTGA-1	singlet	0	-149.29727484196843	-172.9475314124988	-149.29727484196843	-269.93304845755426
CGGCAGTGTACCAATC-1	singlet	0	-204.54432483939786	-236.43872527822253	-204.54432483939786	-368.25380699521884
CTCAACCAGTAGAGTT-1	singlet	0	-217.31076923941174	-266.31292437494477	-217.31076923941174	-420.4273295255829
CTCATTACAAGCTGTT-1	singlet	0	-137.30188670398695	-138.4185751208537	-137.30188670398695	-202.59546155397803
CTCCTCCAGTCTACCA-1	singlet	0	-141.41617604524185	-146.54225095045402	-141.41617604524185	-202.17492632302918
CTGGCAGAGGGTATAT-1	singlet	0	-198.31259570707792	-236.32366793656556	-198.31259570707792	-363.27387933262855
CTTCCTTAGACCAAAT-1	singlet	0	-97.26890247996711	-102.32955471581926	-97.26890247996711	-142.50174382956956
GAATCGTAGGGTGAGG-1	singlet	0	-528.6580700517599	-688.4252391072245	-528.6580700517599	-1152.8147677208915
GACCAATTCGTGCAGC-1	singlet	0	-239.28420532084908	-257.79358057697635	-239.28420532084908	-360.0861125205434
GAGGCCTAGATGACAT-1	singlet	1	-597.2695525738468	-861.1179028487411	-1568.1959655507435	-597.2695525738468
GATGCTACAGCAAGAC-1	singlet	1	-389.93991194440935	-612.4181505430034	-1146.761821197885	-389.93991194440935
GATTTCTGTTCCTAGA-1	singlet	0	-700.788758999399	-868.4009042118656	-700.788758999399	-1479.1441071169481
GCAACCGTCGCTTACC-1	singlet	0	-178.29453239157922	-179.47370542382708	-178.29453239157922	-238.61055896947818
GCCCAGACAACCGCCA-1	singlet	1	-376.84750250779314	-585.7622954915752	-1070.3856606096497	-376.84750250779314
GCCCGAACAAACGGCA-1	singlet	0	-640.7806489794706	-821.7129374274822	-640.7806489794706	-1348.850592650747
GCGGAAAAGTATTAGG-1	doublet	0/1	-192.0308057953742	-180.48052490580724	-192.0308057953742	-228.33759237551192
GCGTGCAGTGAGGATC-1	singlet	0	-123.35404501694063	-144.45886737960285	-123.35404501694063	-220.51342751940516
GCTACCTAGGCCACCT-1	singlet	0	-58.89042531592451	-65.30237776949454	-58.89042531592451	-91.12423481182063
GCTGAATCAGCCATTA-1	doublet	1/0	-242.24426684603654	-200.07817167359582	-260.88259027517165	-242.24426684603654
GCTGAATCATAGAAAC-1	singlet	0	-150.84118346226313	-169.62001286952244	-150.84118346226313	-256.49226900176006
GGCAGTCAGGTCATCT-1	singlet	0	-105.80920913554034	-115.23277742684763	-105.80920913554034	-169.47057855643425
GGGCGTTCACCCTATC-1	singlet	0	-134.66361619142893	-149.24138555094584	-134.66361619142893	-210.36386228708795
GGGTTTAAGACGAGCT-1	singlet	0	-132.70338568804127	-157.64442845019246	-132.70338568804127	-244.45899828864566
GGTAACTGTATGCGTT-1	singlet	0	-155.54166114650508	-187.31803613773297	-155.54166114650508	-277.4181675563724
GTAATCGTCTCCTGCA-1	doublet	0/1	-241.8499517595302	-226.43633916318345	-241.8499517595302	-290.64775088866384
GTACAGTTCTGCGGAC-1	singlet	1	-181.1750608088743	-187.56688997024975	-275.0398492646125	-181.1750608088743
GTCCCATCAGTTCCAA-1	singlet	0	-114.41352785695102	-127.39072750936569	-114.41352785695102	-179.85169429602823
GTCCTCACAGTTGTTG-1	singlet	0	-174.899686556159	-204.89521065213643	-174.899686556159	-324.9434248540934
GTCTAGAGTGTTAACC-1	singlet	0	-138.84052637228282	-169.606533860241	-138.84052637228282	-265.0770918439166
GTCTCACGTTGGCTAT-1	singlet	0	-147.70813330033167	-170.75216416591627	-147.70813330033167	-248.06947857080874
GTTCATTCAGTGACCC-1	singlet	0	-154.47619361923972	-173.65382825542275	-154.47619361923972	-251.92089665270802
TAACACGAGGTGAGAA-1	singlet	0	-125.03421527609332	-147.9324931586965	-125.03421527609332	-231.26951076943033
TACACCCAGTTTGTCG-1	singlet	0	-165.44779494299348	-200.5015076342963	-165.44779494299348	-302.4658932761361
TCAAGTGCAGAGATGC-1	singlet	0	-144.2588296157639	-166.112301921751	-144.2588296157639	-257.34072642904573
TCACTCGAGTTTGAGA-1	singlet	0	-155.1134314067378	-181.0358180538522	-155.1134314067378	-283.6194971756206
TCAGCAAGTCTCCCTA-1	singlet	0	-219.88942039206222	-265.00626016009835	-219.88942039206222	-434.1211385456312
TCAGCCTGTCATACCA-1	singlet	0	-140.0680530693726	-155.27215375266454	-140.0680530693726	-225.01494900448753
TCCCACATCACTGGGC-1	singlet	1	-1226.7378807618993	-1516.604880321477	-2884.585078817244	-1226.7378807618993
TCCTCCCTCGGTCTAA-1	singlet	0	-123.95117326800815	-141.0985871955635	-123.95117326800815	-204.70540186978891
TGGGATTAGGCGTTGA-1	singlet	0	-262.70740813019165	-321.4602707923152	-262.70740813019165	-504.9078028304044
TGGGCTGCAAATGAAC-1	doublet	0/1	-963.9359918057786	-811.5472418079428	-963.9359918057786	-1121.316445897316
TGTACAGGTCTAGGTT-1	singlet	0	-600.6135386204645	-769.0066046198297	-600.6135386204645	-1238.5439651237132
TTACTGTTCGTTCAGA-1	singlet	0	-182.67647098160842	-220.3159706206103	-182.67647098160842	-335.483383123708
TTCCAATCATCTGTTT-1	singlet	0	-141.22798920802373	-165.31060591465229	-141.22798920802373	-246.06851014187828
TTCCGGTTCTTAATCC-1	singlet	0	-159.44072508301198	-178.0590279385941	-159.44072508301198	-268.2574771262411
TTGATGGCAGGCGATA-1	singlet	1	-279.13647963222365	-428.98248584131875	-777.8283444678838	-279.13647963222365
TTGCATTCACTAACCA-1	singlet	0	-104.55921189749314	-105.82793764410441	-104.55921189749314	-141.7922876867397
TTTACCAAGACTTCAC-1	singlet	0	-109.69353399278137	-118.35960243007858	-109.69353399278137	-165.12180774434177
TTTACTGGTCGCCTAG-1	singlet	0	-135.92136696441452	-142.86884674828593	-135.92136696441452	-193.11941540089725
TTTGACTAGCGTCTGC-1	singlet	0	-213.80811394411785	-239.53312308988154	-213.80811394411785	-343.69184854240046
TTTGTTGAGCGTGCCT-1	singlet	1	-280.9786755480942	-429.3075790733584	-805.2851965282923	-280.9786755480942
